Pedri,Ousmane Dembélé
cbe0a303,cbe0a303
,
,
,
96fc7983,
44e57939,
1ccc0d2c,
1826e512,
05df662a,05df662a
fd948a48,fd948a48
09f83bbc,09f83bbc
,
fc49664d,fc49664d
5e0a98e6,5e0a98e6
3169fc9b,3169fc9b
,f49a3835
2af3934b,2af3934b
1eecb0cd,1eecb0cd
b9cc54ac,b9cc54ac
,7011379b
9abb9c34,9abb9c34
ced16d03,ced16d03
2fb55ba0,2fb55ba0
1fc0e34e,1fc0e34e
c1875f22,c1875f22
fac347dd,fac347dd
a32c09d3,a32c09d3
3b3866ca,3b3866ca
5e73ad1a,5e73ad1a
edcc3e7a,edcc3e7a
fa6819d6,fa6819d6
50a0b6b9,50a0b6b9
d0611a51,d0611a51
7952eab7,7952eab7
4ed9f64b,4ed9f64b
9a5e0f15,9a5e0f15
